MIN=0;-10;0
MAX=30;10;10
SCALE=30;5;5
DEC=1;2;0
"DEF=""Zeit"" t / s";"Spannung"" U_B1 / V	""Rate"" R_A1 / 1/s";
1,101;0,525;0
2,301;0,525;0
3,501;0,525;0
4,701;0,52;0
5,9;0,525;0
7,1;0,525;0
8,3;0,525;0
9,501;0,53;0
10,701;0,525;0
11,901;0,53;0
13,1;0,53;0
14,3;0,525;0
15,5;0,53;0
16,7;0,53;0
17,9;0,525;0
19,101;0,53;0
20,3;0,525;0
21,5;0,52;0
22,601;0,525;0
23,8;0,525;0
25;0,53;0
26,2;0,525;0
27,4;0,525;0
28,601;0,535;0
29,801;0,525;0
MIN=0;-10;0
MAX=30;10;10
SCALE=30;5;5
DEC=1;2;0
"DEF=""Zeit"" t / s";"Spannung"" U_B1 / V	""Rate"" R_A1 / 1/s";
1,101;1;0
2,301;1,005;0
3,501;1,005;0
4,7;1,005;0
5,801;1,005;0
7,002;1,005;0
8,201;1,01;0
9,4;1,005;0
10,6;1,005;0
11,701;1,005;0
12,9;1,005;0
14,1;1;0
15,3;1,005;0
16,5;1,005;0
17,7;1;0
18,9;1;0
20;1,005;0
21,2;1,01;0
22,4;1;0
23,5;1,005;0
24,7;1,005;0
25,9;1,005;0
27,1;1,015;0
28,301;1,005;0
29,5;1;0
MIN=0;-10;0
MAX=30;10;10
SCALE=30;5;5
DEC=1;2;0
"DEF=""Zeit"" t / s";"Spannung"" U_B1 / V	""Rate"" R_A1 / 1/s";
1,1;1,5;0
2,3;1,5;0
3,501;1,5;0
4,701;1,505;0
5,901;1,5;0
7,1;1,505;0
8,3;1,505;0
9,5;1,5;0
10,7;1,505;0
11,9;1,5;0
13,101;1,5;0
14,3;1,5;0
15,5;1,515;0
16,7;1,5;0
17,9;1,495;0
19,1;1,505;0
20,3;1,505;0
21,5;1,505;0
22,701;1,505;0
23,9;1,505;0
25,001;1,505;0
26,1;1,505;0
27,3;1,505;0
28,501;1,505;0
29,701;1,5;0
MIN=0;-10;0
MAX=30;10;10
SCALE=30;5;5
DEC=1;2;0
"DEF=""Zeit"" t / s";"Spannung"" U_B1 / V	""Rate"" R_A1 / 1/s";
1;2;0
2,201;1,995;0
3,401;1,995;0
4,601;2;0
5,801;2,005;0
7;1,995;0
8,2;2;0
9,4;1,995;0
10,6;1,995;0
11,8;2;0
13,001;1,98;0
14,2;1,995;0
15,4;2,005;0
16,601;1,995;0
17,8;1,99;0
19;1,995;0
20,2;1,995;0
21,4;2;0
22,6;1,995;0
23,8;1,99;0
25;2,03;0
26,2;1,995;0
27,401;1,995;0
28,601;1,995;0
29,801;1,995;0
MIN=0;-10;0
MAX=30;10;10
SCALE=30;5;5
DEC=1;2;0
"DEF=""Zeit"" t / s";"Spannung"" U_B1 / V	""Rate"" R_A1 / 1/s";
1,001;2,49;0
2,201;2,495;0
3,4;2,49;0
4,6;2,49;0
5,8;2,5;0
7;2,495;0
8,201;2,5;0
9,401;2,495;0
10,601;2,495;0
11,8;2,495;0
13;2,495;0
14,2;2,49;0
15,4;2,495;0
16,6;2,49;0
17,801;2,495;0
19;2,495;0
20,2;2,495;0
21,4;2,495;0
22,6;2,5;0
23,8;2,495;0
25;2,5;0
26,2;2,495;0
27,4;2,495;0
28,601;2,495;0
29,801;2,495;0
MIN=0;-10;0
MAX=30;10;10
SCALE=30;5;5
DEC=1;2;0
"DEF=""Zeit"" t / s";"Spannung"" U_B1 / V	""Rate"" R_A1 / 1/s";
1;2,795;0
2,101;2,785;0
3,301;2,79;0
4,501;2,785;0
5,7;2,785;0
6,9;2,78;0
8,1;2,785;0
9,3;2,785;0
10,501;2,775;0
11,701;2,78;0
12,9;2,78;0
14,1;2,78;0
15,301;2,785;0
16,5;2,785;0
17,7;2,785;0
18,9;2,785;0
20,101;2,785;0
21,3;2,78;0
22,5;2,785;0
23,7;2,785;0
24,901;2,785;0
26,101;2,785;0
27,3;2,78;0
28,5;2,785;0
29,701;2,785;0
MIN=0;-10;0
MAX=30;10;10
SCALE=30;5;5
DEC=1;2;0
"DEF=""Zeit"" t / s";"Spannung"" U_B1 / V	""Rate"" R_A1 / 1/s";
1,101;2,905;0
2,301;2,91;0
3,501;2,905;0
4,701;2,91;0
5,9;2,915;0
7,1;2,91;0
8,3;2,905;0
9,5;2,91;0
10,701;2,915;0
11,901;2,91;0
13,1;2,91;0
14,3;2,905;0
15,5;2,91;0
16,7;2,915;0
17,9;2,905;0
19,1;2,91;0
20,301;2,905;0
21,5;2,91;0
22,7;2,905;0
23,9;2,91;0
25,1;2,905;0
26,3;2,905;0
27,501;2,905;0
28,7;2,93;0
29,901;2,91;0
MIN=0;-10;0
MAX=30;10;10
SCALE=30;5;5
DEC=1;2;0
"DEF=""Zeit"" t / s";"Spannung"" U_B1 / V	""Rate"" R_A1 / 1/s";
1,101;2,95;0
2,3;2,945;0
3,5;2,95;0
4,7;2,955;0
5,9;2,945;0
7,101;2,95;0
8,301;2,95;0
9,5;2,95;0
10,7;2,95;0
11,9;2,945;0
13,1;2,945;0
14,3;2,945;0
15,5;2,945;0
16,701;2,955;0
17,9;2,945;0
19,1;2,945;0
20,3;2,94;0
21,5;2,945;0
22,7;2,945;0
23,9;2,95;0
25,099;2,95;0
26,3;2,945;0
27,5;2,945;0
28,7;2,945;0
29,901;2,945;0
MIN=0;-10;0
MAX=30;10;10
SCALE=30;5;5
DEC=1;2;0
"DEF=""Zeit"" t / s";"Spannung"" U_B1 / V	""Rate"" R_A1 / 1/s";
1,1;2,99;0
2,301;2,995;0
3,501;2,99;0
4,701;2,99;0
5,901;2,99;0
7,1;2,995;0
8,3;2,995;0
9,5;2,99;0
10,7;2,995;0
11,902;2,985;0
13,101;2,995;0
14,3;2,995;0
15,5;2,995;0
16,701;2,995;0
17,9;2,995;0
19,1;2,995;0
20,3;2,995;0
21,501;3;0
22,7;2,995;0
23,9;2,995;0
25,1;2,995;0
26,3;2,995;0
27,5;2,99;0
28,7;2,99;0
29,9;2,99;0
MIN=0;-10;0
MAX=30;10;10
SCALE=30;5;5
DEC=1;2;0
"DEF=""Zeit"" t / s";"Spannung"" U_B1 / V	""Rate"" R_A1 / 1/s";
1;;192
2,101;3,035;182
3,2;3,035;188
4,4;3,035;177
5,601;3,04;201
6,8;3,03;197
8,001;3,035;189
9,2;3,035;201
10,4;3,035;197
11,6;3,035;196
12,8;3,035;191
14;3,035;183
15,201;3,035;193
16,4;3,04;205
17,6;3,04;198
18,8;3,035;204
20;3,04;213
21,2;3,035;176
22,4;3,035;188
23,6;3,04;180
24,8;3,04;193
26;3,035;193
27,2;3,035;195
28,401;3,035;196
29,601;3,04;188
MIN=0;-10;0
MAX=30;10;10
SCALE=30;5;5
DEC=1;2;0
"DEF=""Zeit"" t / s";"Spannung"" U_B1 / V	""Rate"" R_A1 / 1/s";
1,001;3,09;281
2,201;3,09;250
3,401;3,09;249
4,6;3,095;246
5,8;3,09;250
7;3,09;266
8,2;3,09;258
9,401;3,09;236
10,601;3,09;249
11,8;3,085;269
13;3,095;249
14,2;3,085;250
15,4;3,09;251
16,601;3,09;258
17,8;3,09;247
19,001;3,085;265
20,2;3,09;244
21,4;3,095;242
22,6;3,095;233
23,8;3,09;228
25;3,09;244
26,2;3,09;249
27,4;3,095;250
28,601;3,095;267
29,801;3,09;258
MIN=0;-10;0
MAX=30;10;10
SCALE=30;5;5
DEC=1;2;0
"DEF=""Zeit"" t / s";"Spannung"" U_B1 / V	""Rate"" R_A1 / 1/s";
1,001;3,14;274
2,201;3,145;272
3,401;3,145;240
4,6;3,145;240
5,8;3,145;256
7;3,14;252
8,2;3,14;277
9,4;3,14;236
10,602;3,14;250
11,801;3,135;254
13;3,145;251
14,2;3,135;258
15,4;3,145;270
16,6;3,145;249
17,8;3,14;261
19;3,145;261
20,2;3,135;250
21,4;3,14;270
22,6;3,145;253
23,8;3,14;257
25;3,135;280
26,201;3,145;279
27,4;3,14;269
28,6;3,14;254
29,802;3,135;272
MIN=0;-10;0
MAX=30;10;10
SCALE=30;5;5
DEC=1;2;0
"DEF=""Zeit"" t / s";"Spannung"" U_B1 / V	""Rate"" R_A1 / 1/s";
1;3,21;264
2,2;3,21;256
3,401;3,205;271
4,601;3,215;262
5,801;3,22;277
7,001;3,215;250
8,2;3,21;269
9,4;3,215;239
10,6;3,21;265
11,8;3,21;240
13;3,215;264
14,2;3,215;249
15,4;3,215;279
16,6;3,215;283
17,8;3,215;256
19,001;3,215;253
20,2;3,22;284
21,4;3,21;285
22,6;3,215;251
23,8;3,215;261
25;3,215;249
26,2;3,21;264
27,4;3,21;267
28,6;3,21;265
29,801;3,215;263
MIN=0;-10;0
MAX=30;10;10
SCALE=30;5;5
DEC=1;2;0
"DEF=""Zeit"" t / s";"Spannung"" U_B1 / V	""Rate"" R_A1 / 1/s";
1;3,295;255
2,201;3,29;234
3,401;3,29;235
4,601;3,29;282
5,801;3,295;269
7;3,295;289
8,2;3,295;247
9,4;3,295;261
10,6;3,295;277
11,8;3,29;276
13,001;3,295;268
14,201;3,295;227
15,4;3,29;243
16,6;3,295;257
17,8;3,29;267
19;3,295;271
20,2;3,295;232
21,4;3,285;259
22,6;3,295;280
23,8;3,295;269
25,001;3,29;269
26,201;3,285;275
27,401;3,295;259
28,601;3,285;293
29,8;3,295;269
MIN=0;-10;0
MAX=30;10;10
SCALE=30;5;5
DEC=1;2;0
"DEF=""Zeit"" t / s";"Spannung"" U_B1 / V	""Rate"" R_A1 / 1/s";
1,101;3,415;293
2,301;3,415;264
3,501;3,415;300
4,7;3,415;265
5,901;3,42;275
7,1;3,415;238
8,301;3,425;260
9,501;3,41;229
10,701;3,415;296
11,9;3,415;260
13,1;3,42;294
14,3;3,415;281
15,5;3,42;264
16,701;3,41;267
17,9;3,415;276
19,1;3,42;262
20,3;3,415;271
21,5;3,415;244
22,7;3,42;272
23,9;3,41;270
25,1;3,42;246
26,3;3,42;245
27,5;3,41;256
28,701;3,415;260
29,9;3,42;274
MIN=0;-10;0
MAX=30;10;10
SCALE=30;5;5
DEC=1;2;0
"DEF=""Zeit"" t / s";"Spannung"" U_B1 / V	""Rate"" R_A1 / 1/s";
1,001;3,49;272
2,201;3,485;268
3,401;3,49;269
4,601;3,485;271
5,8;3,485;255
7;3,495;242
8,2;3,485;270
9,4;3,485;250
10,6;3,485;234
11,801;3,49;277
13,001;3,495;306
14,2;3,495;281
15,4;3,49;269
16,6;3,49;265
17,8;3,49;261
19;3,485;271
20,2;3,495;269
21,4;3,485;269
22,6;3,49;245
23,8;3,495;236
25;3,485;243
26,2;3,495;258
27,4;3,49;308
28,601;3,49;258
29,8;3,49;243
MIN=0;-10;0
MAX=30;10;10
SCALE=30;5;5
DEC=1;2;0
"DEF=""Zeit"" t / s";"Spannung"" U_B1 / V	""Rate"" R_A1 / 1/s";
1,1;3,63;273
2,3;3,625;264
3,501;3,63;273
4,701;3,625;257
5,901;3,63;269
7,102;3,635;287
8,2;3,63;273
9,401;3,625;267
10,601;3,63;287
11,801;3,635;282
13;3,635;280
14,2;3,63;255
15,4;3,63;266
16,6;3,625;297
17,8;3,635;257
18,9;3,63;266
20;3,64;283
21,2;3,63;269
22,4;3,615;278
23,6;3,62;284
24,7;3,62;242
25,9;3,625;274
27,001;3,635;256
28,201;3,63;241
29,301;3,63;270
MIN=0;-10;0
MAX=30;10;10
SCALE=30;5;5
DEC=1;2;0
"DEF=""Zeit"" t / s";"Spannung"" U_B1 / V	""Rate"" R_A1 / 1/s";
1,101;3,74;273
2,301;3,745;251
3,501;3,74;253
4,702;3,745;260
5,9;3,74;283
7,1;3,735;300
8,3;3,745;276
9,5;3,745;290
10,701;3,745;260
11,901;3,74;290
13,1;3,735;309
14,3;3,74;263
15,501;3,74;270
16,7;3,745;269
17,9;3,745;256
19,1;3,745;268
20,301;3,74;257
21,5;3,75;272
22,701;3,74;278
23,9;3,755;289
25,1;3,75;258
26,3;3,745;286
27,5;3,74;263
28,699;3,745;280
29,901;3,75;256
MIN=0;-10;0
MAX=30;10;10
SCALE=30;5;5
DEC=1;2;0
"DEF=""Zeit"" t / s";"Spannung"" U_B1 / V	""Rate"" R_A1 / 1/s";
1;3,745;278
2,2;3,745;245
3,401;3,755;302
4,601;3,75;288
5,801;3,735;274
7;3,755;272
8,2;3,74;288
9,4;3,74;257
10,6;3,75;246
11,8;3,755;265
13,001;3,755;274
14,201;3,75;241
15,4;3,75;277
16,6;3,745;277
17,8;3,755;273
19,001;3,755;293
20,2;3,755;277
21,4;3,745;248
22,601;3,745;274
23,8;3,76;259
25;3,755;290
26,2;3,74;287
27,4;3,755;296
28,6;3,745;267
29,801;3,75;290
MIN=0;-10;0
MAX=30;10;10
SCALE=30;5;5
DEC=1;2;0
"DEF=""Zeit"" t / s";"Spannung"" U_B1 / V	""Rate"" R_A1 / 1/s";
0,201;3,745;290
0,5;3,75;270
0,8;3,745;270
1,101;3,75;250
1,401;3,745;420
1,7;3,75;260
2;3,735;280
2,301;3,74;250
2,601;3,745;280
2,901;3,745;360
3,2;3,755;300
3,5;3,75;210
3,8;3,735;280
4,101;3,75;260
4,4;3,75;220
4,7;3,75;250
5;3,74;210
5,301;3,725;270
5,601;3,75;310
5,9;3,75;250
6,2;3,75;300
6,501;3,75;240
6,801;3,75;230
7,101;3,75;310
7,4;3,75;330
7,7;3,75;280
8,001;3,74;300
8,301;3,75;340
8,6;3,745;350
8,9;3,745;330
9,2;3,74;260
9,501;3,745;200
9,801;3,755;330
10,1;3,735;240
10,4;3,745;250
10,7;3,75;320
11,001;3,745;330
11,3;3,75;290
11,6;3,735;230
11,9;3,75;190
12,2;3,74;240
12,501;3,755;240
12,8;3,75;310
13,1;3,745;330
13,4;3,74;320
13,701;3,745;320
14;3,75;310
14,3;3,75;270
14,6;3,75;300
14,9;3,745;330
15,201;3,75;230
15,5;3,75;300
15,8;3,75;280
16,1;3,745;230
16,4;3,745;310
16,701;3,755;340
17;3,75;270
17,3;3,73;290
17,6;3,74;300
17,901;3,75;360
18,2;3,735;240
18,5;3,745;200
18,8;3,75;260
19,1;3,755;260
19,401;3,75;310
19,7;3,745;330
20;3,75;250
20,3;3,755;320
20,6;3,75;250
20,9;3,75;290
21,2;3,75;190
21,5;3,755;290
21,8;3,755;260
22,1;3,74;290
22,4;3,75;260
22,701;3,745;260
23;3,74;220
23,3;3,75;230
23,599;3,735;230
23,9;3,755;310
24,2;3,755;230
24,5;3,75;390
24,8;3,75;230
25,1;3,75;280
25,4;3,75;280
25,7;3,735;160
26;3,75;250
26,201;3,735;270
26,501;3,735;230
26,799;3,75;180
27,1;3,745;250
27,3;3,755;270
27,6;3,745;260
27,9;3,75;290
28,201;3,745;290
28,5;3,755;250
28,701;3,75;260
29,001;3,735;280
29,201;3,735;230
29,5;3,745;300
29,701;3,74;280
30;3,74;270
MIN=0;-10;0
MAX=30;10;10
SCALE=30;5;5
DEC=1;2;0
"DEF=""Zeit"" t / s";"Spannung"" U_B1 / V	""Rate"" R_A1 / 1/s";
0,121;3,825;230
0,261;3,82;190
0,4;3,825;320
0,541;3,83;430
0,681;3,825;250
0,82;3,825;270
0,961;3,83;200
1,101;3,83;180
1,24;3,825;310
1,382;3,815;310
1,52;3,81;220
1,661;3,82;240
1,801;3,825;240
1,94;3,82;330
2,081;3,825;260
2,221;3,815;250
2,36;3,815;310
2,501;3,825;280
2,641;3,83;230
2,78;3,82;210
2,921;3,83;350
3,06;3,815;270
3,201;3,82;240
3,341;3,82;230
3,48;3,82;330
3,62;3,82;410
3,761;3,815;250
3,901;3,82;270
4,041;3,825;200
4,18;3,825;300
4,32;3,83;250
4,461;3,81;220
4,6;3,825;240
4,741;3,83;300
4,883;3,825;340
5,02;3,82;220
5,161;3,83;270
5,301;3,82;260
5,44;3,83;340
5,581;3,82;340
5,72;3,82;320
5,86;3,82;230
6,001;3,815;340
6,14;3,815;320
6,281;3,82;220
6,421;3,82;240
6,56;3,82;180
6,701;3,825;190
6,84;3,82;280
6,977;3,825;380
7,114;3,82;240
7,252;3,815;230
7,391;3,825;260
7,528;3,82;230
7,662;3,83;260
7,8;3,82;260
7,941;3,825;250
8,081;3,82;290
8,22;3,81;280
8,361;3,82;330
8,5;3,82;260
8,64;3,83;220
8,762;3,83;240
8,913;3,825;290
9,045;3,825;330
9,184;3,805;250
9,321;3,815;300
9,46;3,825;310
9,6;3,83;390
9,741;3,82;360
9,88;3,805;360
10,02;3,82;290
10,161;3,83;250
10,3;3,825;280
10,441;3,815;170
10,58;3,82;240
10,72;3,815;200
10,861;3,835;280
11;3,815;280
11,14;3,825;230
11,281;3,815;250
11,42;3,82;360
11,56;3,82;140
11,7;3,825;200
11,84;3,82;220
11,981;3,825;250
12,12;3,82;250
12,26;3,815;310
12,401;3,825;320
12,54;3,815;270
12,68;3,82;250
12,821;3,82;310
12,96;3,81;180
13,1;3,815;290
13,24;3,81;320
13,38;3,82;430
13,521;3,825;260
13,66;3,81;330
13,801;3,825;290
13,941;3,82;280
14,08;3,825;240
14,22;3,815;290
14,36;3,82;240
14,5;3,825;320
14,64;3,82;290
14,78;3,83;190
14,92;3,82;220
15,061;3,82;360
15,2;3,825;290
15,34;3,83;250
15,481;3,82;270
15,62;3,81;230
15,76;3,825;310
15,9;3,81;310
16,04;3,82;200
16,18;3,82;300
16,32;3,815;220
16,46;3,815;260
16,601;3,82;180
16,74;3,82;280
16,88;3,82;380
17,02;3,82;360
17,16;3,825;300
17,3;3,82;290
17,44;3,825;280
17,58;3,825;360
17,72;3,835;300
17,86;3,82;250
18;3,82;210
18,141;3,82;250
18,28;3,815;320
18,421;3,825;270
18,56;3,82;190
18,7;3,82;300
18,84;3,815;300
18,98;3,82;220
19,12;3,82;330
19,26;3,82;260
19,4;3,825;270
19,541;3,825;220
19,68;3,82;180
19,82;3,82;320
19,962;3,83;210
20,101;3,82;230
20,24;3,82;190
20,386;3,825;360
20,522;3,81;330
20,66;3,82;230
20,8;3,82;250
20,94;3,795;310
21,08;3,815;290
21,22;3,82;270
21,36;3,825;250
21,5;3,82;300
21,64;3,82;300
21,78;3,815;310
21,92;3,815;280
22,06;3,82;220
22,2;3,825;230
22,339;3,815;340
22,48;3,82;190
22,62;3,82;330
22,76;3,82;360
22,9;3,81;270
23,04;3,82;380
23,18;3,815;290
23,32;3,815;290
23,46;3,805;330
23,6;3,825;320
23,74;3,825;300
23,88;3,82;340
24,02;3,82;310
24,16;3,825;310
24,3;3,82;220
24,44;3,82;230
24,58;3,815;250
24,72;3,81;250
24,86;3,82;320
25;3,825;360
25,141;3,815;300
25,28;3,82;360
25,42;3,82;280
25,56;3,81;290
25,7;3,825;250
25,84;3,825;270
25,98;3,82;210
26,12;3,815;290
26,261;3,825;350
26,401;3,82;250
26,539;3,825;270
26,681;3,82;360
26,82;3,825;230
26,96;3,825;220
27,1;3,825;270
27,24;3,82;370
27,381;3,805;360
27,52;3,825;220
27,659;3,825;280
27,8;3,815;260
27,94;3,825;230
28,079;3,82;310
28,221;3,815;290
28,36;3,815;250
28,501;3,815;190
28,64;3,8;340
28,78;3,815;260
28,921;3,82;390
29,049;3,83;310
29,189;3,825;250
29,327;3,835;260
29,462;3,825;240
29,601;3,805;240
29,74;3,82;290
29,881;3,82;250
MIN=0;-10;0
MAX=30;10;10
SCALE=30;5;5
DEC=1;2;0
"DEF=""Zeit"" t / s";"Spannung"" U_B1 / V	""Rate"" R_A1 / 1/s";
0,101;3,94;290
0,24;3,955;210
0,381;3,955;190
0,521;3,945;230
0,66;3,98;280
0,801;3,95;280
0,941;3,94;290
1,08;3,95;310
1,221;3,95;310
1,36;3,95;230
1,501;3,94;250
1,641;3,95;290
1,78;3,95;300
1,921;3,955;190
2,061;3,96;220
2,2;3,935;300
2,341;3,95;320
2,48;3,95;280
2,62;3,925;260
2,761;3,95;170
2,9;3,95;240
3,041;3,95;310
3,181;3,955;150
3,32;3,95;280
3,461;3,945;230
3,6;3,95;170
3,74;3,945;310
3,881;3,95;240
4,02;3,95;380
4,16;3,945;270
4,301;3,95;240
4,44;3,95;310
4,581;3,945;320
4,72;3,95;290
4,86;3,955;250
5,001;3,95;300
5,14;3,95;200
5,28;3,95;210
5,421;3,955;320
5,56;3,945;300
5,7;3,935;160
5,841;3,955;210
5,98;3,945;260
6,121;3,95;220
6,26;3,955;350
6,4;3,95;280
6,541;3,95;310
6,68;3,945;290
6,821;3,95;200
6,961;3,955;310
7,1;3,96;260
7,241;3,96;250
7,38;3,945;310
7,521;3,945;290
7,661;3,96;240
7,8;3,95;260
7,94;3,945;320
8,081;3,955;240
8,22;3,95;220
8,36;3,94;310
8,501;3,945;290
8,64;3,955;310
8,78;3,955;370
8,92;3,955;300
9,06;3,925;240
9,201;3,955;250
9,34;3,95;250
9,48;3,95;260
9,621;3,95;300
9,76;3,955;310
9,9;3,955;260
10,04;3,945;190
10,18;3,945;240
10,321;3,96;190
10,46;3,95;300
10,6;3,955;240
10,741;3,955;250
10,88;3,945;350
11,02;3,945;340
11,161;3,945;240
11,3;3,945;280
11,44;3,95;230
11,58;3,95;260
11,72;3,95;310
11,861;3,935;270
12;3,93;250
12,14;3,955;240
12,281;3,95;220
12,42;3,94;320
12,56;3,955;230
12,7;3,925;370
12,84;3,96;350
12,981;3,95;310
13,12;3,965;370
13,261;3,95;250
13,401;3,945;230
13,54;3,95;310
13,68;3,945;250
13,821;3,945;200
13,96;3,945;160
14,1;3,955;270
14,24;3,955;230
14,38;3,935;300
14,52;3,955;340
14,66;3,955;330
14,8;3,95;280
14,941;3,945;230
15,08;3,945;300
15,22;3,96;340
15,36;3,955;300
15,5;3,96;250
15,64;3,955;260
15,78;3,955;200
15,92;3,965;260
16,061;3,95;300
16,2;3,95;240
16,34;3,955;270
16,481;3,945;290
16,62;3,95;320
16,76;3,95;290
16,9;3,96;250
17,04;3,955;260
17,18;3,935;330
17,32;3,96;420
17,461;3,94;250
17,601;3,95;280
17,74;3,955;180
17,88;3,94;270
18,02;3,955;240
18,16;3,945;220
18,3;3,955;290
18,44;3,96;280
18,58;3,935;370
18,721;3,95;320
18,864;3,945;270
19;3,94;210
19,14;3,955;190
19,28;3,955;240
19,42;3,95;330
19,56;3,95;310
19,7;3,945;320
19,84;3,96;390
19,98;3,955;270
20,12;3,95;250
20,26;3,95;200
20,4;3,95;310
20,541;3,955;250
20,68;3,955;240
20,82;3,93;210
20,96;3,935;220
21,101;3,95;280
21,24;3,955;250
21,38;3,955;340
21,52;3,945;210
21,66;3,95;260
21,8;3,95;170
21,94;3,945;190
22,08;3,95;230
22,22;3,935;290
22,36;3,96;290
22,5;3,955;350
22,64;3,95;310
22,78;3,945;280
22,92;3,95;240
23,06;3,95;280
23,2;3,945;270
23,34;3,955;410
23,48;3,95;300
23,62;3,945;330
23,76;3,955;260
23,9;3,955;360
24,04;3,955;200
24,18;3,96;210
24,32;3,94;340
24,459;3,95;250
24,6;3,95;240
24,74;3,955;190
24,88;3,955;290
25,02;3,96;270
25,16;3,955;260
25,3;3,95;360
25,44;3,96;230
25,58;3,95;250
25,72;3,95;210
25,861;3,96;310
26;3,945;230
26,14;3,955;320
26,28;3,94;290
26,42;3,935;270
26,561;3,96;190
26,701;3,96;250
26,84;3,945;320
26,981;3,96;260
27,12;3,945;280
27,26;3,945;220
27,401;3,95;290
27,539;3,95;270
27,681;3,94;210
27,821;3,955;320
27,961;3,955;240
28,101;3,955;310
28,241;3,965;250
28,381;3,955;300
28,521;3,935;340
28,66;3,96;300
28,801;3,94;340
28,941;3,955;300
29,08;3,955;260
29,221;3,955;270
29,361;3,95;250
29,501;3,945;340
29,641;3,94;190
29,78;3,945;300
29,921;3,96;210
MIN=0;-10;0
MAX=30;10;10
SCALE=30;5;5
DEC=1;2;0
"DEF=""Zeit"" t / s";"Spannung"" U_B1 / V	""Rate"" R_A1 / 1/s";
0,1;4,05;310
0,4;4,05;270
0,701;4,055;210
1,001;4,055;380
1,3;4,055;260
1,6;4,05;230
1,9;4,055;290
2,201;4,045;240
2,501;4,045;220
2,8;4,055;310
3,1;4,05;260
3,401;4,055;260
3,701;4,04;210
4,001;4,05;320
4,3;4,05;270
4,6;4,04;330
4,901;4,06;360
5,201;4,035;310
5,5;4,05;230
5,8;4,045;320
6,101;4,055;330
6,401;4,045;250
6,701;4,055;330
7;4,035;270
7,3;4,055;390
7,601;4,05;290
7,901;4,045;230
8,2;4,05;230
8,5;4,045;240
8,8;4,04;270
9,101;4,05;300
9,401;4,055;240
9,7;4,05;330
10;4,02;220
10,3;4,045;170
10,601;4,05;270
10,9;4,04;230
11,2;4,06;250
11,5;4,04;260
11,8;4,05;200
12,101;4,05;260
12,4;4,07;200
12,7;4,05;370
13;4,045;280
13,3;4,05;270
13,601;4,045;180
13,9;4,05;240
14,2;4,05;280
14,5;4,04;390
14,801;4,04;400
15,1;4,04;270
15,4;4,05;320
15,7;4,05;410
16;4,05;240
16,301;4,05;260
16,6;4,04;170
16,9;4,055;240
17,2;4,025;410
17,5;4,025;330
17,8;4,055;250
18,1;4,055;310
18,4;4,035;400
18,7;4,05;200
19,001;4,055;370
19,3;4,05;230
19,6;4,05;230
19,9;4,05;280
20,201;4,055;350
20,5;4,045;310
20,8;4,055;320
21,1;4,035;280
21,4;4,05;270
21,7;4,025;290
22;4,055;340
22,3;4,05;220
22,6;4,05;230
22,9;4,035;290
23,2;4,05;250
23,5;4,05;340
23,8;4,05;350
24,1;4,055;310
24,4;4,055;260
24,7;4,05;250
25;4,045;210
25,3;4,035;280
25,6;4,045;230
25,9;4,055;220
26,2;4,05;300
26,501;4,045;320
26,801;4,045;340
27,1;4,055;190
27,4;4,055;220
27,7;4,045;190
28,001;4,05;260
28,301;4,05;210
28,601;4,055;250
28,901;4,04;260
29,101;4,045;320
29,4;4,025;430
29,701;4,045;250
MIN=0;-10;0
MAX=30;10;10
SCALE=30;5;5
DEC=1;2;0
"DEF=""Zeit"" t / s";"Spannung"" U_B1 / V	""Rate"" R_A1 / 1/s";
0,2;4,175;180
0,5;4,17;270
0,801;4,175;300
1,101;4,165;220
1,4;4,175;260
1,7;4,16;240
2;4,175;320
2,301;4,16;270
2,601;4,155;320
2,9;4,175;200
3,2;4,17;310
3,5;4,165;330
3,801;4,17;300
4,101;4,175;390
4,4;4,175;260
4,7;4,165;300
5,001;4,165;220
5,301;4,175;270
5,6;4,175;340
5,9;4,175;230
6,2;4,18;340
6,501;4,155;280
6,801;4,165;260
7,1;4,17;280
7,4;4,17;220
7,701;4,17;350
8,001;4,175;290
8,3;4,175;310
8,6;4,175;240
8,9;4,18;320
9,201;4,17;290
9,501;4,165;270
9,8;4,165;360
10,1;4,165;250
10,4;4,185;260
10,701;4,175;330
11;4,155;340
11,3;4,18;330
11,6;4,15;290
11,901;4,17;260
12,201;4,17;260
12,5;4,175;340
12,8;4,18;250
13,1;4,17;310
13,401;4,175;340
13,701;4,175;290
14;4,17;250
14,3;4,175;310
14,6;4,15;220
14,901;4,175;300
15,2;4,18;340
15,5;4,165;280
15,8;4,165;230
16,1;4,16;230
16,401;4,175;430
16,7;4,17;270
17;4,175;210
17,3;4,17;240
17,6;4,18;280
17,9;4,18;240
18,2;4,155;300
18,5;4,165;370
18,8;4,175;210
19,101;4,185;290
19,4;4,18;310
19,7;4,16;280
20;4,16;240
20,3;4,175;320
20,6;4,17;390
20,9;4,15;230
21,2;4,18;240
21,5;4,175;310
21,8;4,175;290
22,1;4,17;230
22,4;4,175;330
22,7;4,165;300
23;4,18;240
23,3;4,175;250
23,6;4,155;210
23,9;4,185;280
24,2;4,18;210
24,5;4,165;280
24,8;4,18;260
25,1;4,18;310
25,401;4,16;240
25,701;4,175;360
26;4,175;230
26,3;4,17;260
26,6;4,24;140
26,9;4,18;280
27,2;4,175;350
27,402;4,175;270
27,701;4,185;220
28;4,185;360
28,3;4,18;290
28,601;4,135;350
28,901;4,18;400
29,201;4,17;260
29,501;4,175;220
29,801;4,175;320
MIN=0;-10;0
MAX=30;10;10
SCALE=30;5;5
DEC=1;2;0
"DEF=""Zeit"" t / s";"Spannung"" U_B1 / V	""Rate"" R_A1 / 1/s";
0,101;4,4;330
0,4;4,405;220
0,7;4,405;350
1;4,41;160
1,301;4,395;340
1,601;4,405;250
1,9;4,385;250
2,201;4,395;330
2,501;4,4;350
2,801;4,4;290
3,1;4,41;290
3,4;4,4;290
3,7;4,395;280
4,001;4,395;380
4,301;4,4;300
4,6;4,405;310
4,9;4,38;190
5,201;4,41;320
5,501;4,395;290
5,8;4,405;250
6,1;4,37;240
6,4;4,39;240
6,701;4,395;300
7,001;4,41;280
7,3;4,405;250
7,6;4,405;290
7,9;4,395;250
8,201;4,4;280
8,501;4,405;210
8,8;4,395;220
9,1;4,41;180
9,401;4,395;280
9,701;4,4;240
10;4,405;240
10,3;4,405;230
10,6;4,4;240
10,901;4,405;240
11,201;4,395;290
11,5;4,4;280
11,8;4,39;330
12,1;4,405;250
12,401;4,395;350
12,7;4,39;190
13;4,37;400
13,3;4,41;260
13,6;4,4;280
13,901;4,41;300
14,2;4,395;260
14,5;4,385;340
14,8;4,4;270
15,1;4,41;260
15,4;4,39;270
15,7;4,4;380
16;4,41;210
16,3;4,405;290
16,601;4,385;290
16,9;4,415;240
17,2;4,37;230
17,5;4,405;240
17,8;4,39;260
18,1;4,405;340
18,4;4,4;340
18,7;4,41;220
19;4,4;330
19,3;4,405;250
19,6;4,405;270
19,9;4,405;270
20,2;4,41;240
20,5;4,41;260
20,801;4,39;220
21,1;4,41;370
21,4;4,385;240
21,7;4,4;200
22;4,4;320
22,3;4,415;280
22,6;4,41;360
22,9;4,41;230
23,2;4,46;300
23,5;4,41;210
23,8;4,405;340
24,1;4,405;190
24,4;4,405;290
24,7;4,41;320
24,999;4,41;260
25,3;4,395;330
25,6;4,4;230
25,9;4,38;360
26,2;4,39;300
26,5;4,4;280
26,8;4,415;210
27,1;4,4;300
27,4;4,41;240
27,7;4,395;280
28;4,39;260
28,301;4,375;300
28,601;4,405;320
28,901;4,405;270
29,2;4,405;230
29,501;4,38;340
29,801;4,395;260
MIN=0;-10;0
MAX=30;10;10
SCALE=30;5;5
DEC=1;2;0
"DEF=""Zeit"" t / s";"Spannung"" U_B1 / V	""Rate"" R_A1 / 1/s";
0,201;4,515;300
0,5;4,515;280
0,8;4,47;250
1,101;4,505;220
1,401;4,52;240
1,701;4,515;290
2;4,47;330
2,3;4,51;310
2,601;4,505;260
2,901;4,5;290
3,2;4,515;260
3,5;4,52;310
3,8;4,515;320
4,101;4,495;230
4,401;4,51;230
4,7;4,5;320
5;4,525;260
5,301;4,495;330
5,601;4,515;240
5,9;4,515;160
6,2;4,495;350
6,5;4,515;190
6,801;4,52;230
7,101;4,515;300
7,4;4,515;270
7,7;4,495;210
8;4,51;160
8,301;4,52;200
8,601;4,5;240
8,9;4,52;240
9,2;4,51;360
9,5;4,47;330
9,801;4,505;200
10,1;4,51;240
10,4;4,515;260
10,7;4,49;310
11,001;4,505;240
11,301;4,5;290
11,6;4,505;290
11,9;4,505;230
12,2;4,505;280
12,501;4,515;180
12,8;4,5;280
13,1;4,51;210
13,4;4,515;220
13,701;4,515;220
14,001;4,505;310
14,3;4,505;310
14,6;4,49;230
14,9;4,515;270
15,201;4,515;160
15,5;4,485;250
15,8;4,51;290
16,1;4,51;280
16,4;4,515;240
16,701;4,505;320
17;4,515;230
17,3;4,505;340
17,6;4,51;330
17,9;4,505;270
18,201;4,505;230
18,5;4,505;250
18,8;4,505;310
19,1;4,515;260
19,4;4,47;360
19,7;4,515;330
20;4,495;300
20,3;4,51;380
20,6;4,49;260
20,9;4,49;310
21,2;4,505;290
21,5;4,49;270
21,8;4,5;280
22,1;4,505;270
22,4;4,49;220
22,7;4,515;290
23;4,505;240
23,3;4,51;240
23,6;4,495;190
23,9;4,51;330
24,2;4,5;320
24,5;4,495;290
24,8;4,475;290
25,1;4,5;230
25,4;4,515;270
25,7;4,515;310
26;4,495;290
26,3;4,49;210
26,6;4,51;280
26,9;4,515;250
27,2;4,515;190
27,5;4,515;240
27,801;4,515;280
28,101;4,505;250
28,401;4,505;220
28,701;4,495;200
29;4,5;340
29,3;4,5;360
29,601;4,51;250
29,901;4,485;340
MIN=0;-10;0
MAX=30;10;10
SCALE=30;5;5
DEC=1;2;0
"DEF=""Zeit"" t / s";"Spannung"" U_B1 / V	""Rate"" R_A1 / 1/s";
0,101;4,515;210
0,401;4,51;220
0,7;4,515;190
1;4,5;280
1,301;4,515;330
1,601;4,495;250
1,901;4,495;240
2,2;4,5;240
2,5;4,495;300
2,801;4,505;260
3,101;4,515;230
3,4;4,51;290
3,7;4,515;310
4,001;4,515;350
4,301;4,515;250
4,601;4,51;310
4,9;4,5;340
5,2;4,485;270
5,501;4,505;250
5,801;4,51;210
6,1;4,505;230
6,4;4,505;380
6,7;4,505;260
7,001;4,505;350
7,301;4,515;250
7,6;4,49;150
7,9;4,515;250
8,2;4,505;350
8,501;4,515;370
8,8;4,495;230
9,1;4,505;310
9,4;4,5;320
9,701;4,46;360
10,001;4,5;280
10,3;4,51;280
10,6;4,505;290
10,9;4,51;290
11,201;4,505;280
11,5;4,51;220
11,8;4,51;360
12,1;4,5;240
12,4;4,515;240
12,701;4,51;260
13;4,515;350
13,3;4,495;280
13,6;4,51;240
13,9;4,485;220
14,201;4,51;220
14,5;4,525;230
14,8;4,5;270
15,1;4,47;270
15,401;4,515;300
15,7;4,505;230
16;4,505;300
16,3;4,515;300
16,601;4,505;300
16,901;4,485;350
17,2;4,515;290
17,5;4,505;190
17,8;4,495;340
18,1;4,505;270
18,4;4,515;220
18,7;4,51;240
19;4,485;280
19,3;4,515;300
19,601;4,5;300
19,9;4,51;340
20,2;4,51;340
20,5;4,505;240
20,8;4,51;320
21,1;4,475;240
21,4;4,505;270
21,7;4,505;210
22;4,49;220
22,3;4,515;180
22,6;4,5;240
22,9;4,515;380
23,2;4,49;250
23,5;4,515;250
23,8;4,5;260
24,1;4,475;270
24,4;4,51;310
24,701;4,505;210
25,001;4,505;270
25,3;4,515;330
25,6;4,51;310
25,9;4,51;320
26,201;4,51;230
26,501;4,52;220
26,8;4,51;340
27,1;4,495;270
27,402;4,505;280
27,701;4,52;390
28;4,505;250
28,301;4,505;280
28,601;4,52;350
28,901;4,505;320
29,202;4,52;260
29,5;4,515;230
29,8;4,52;210
MIN=0;-10;0
MAX=30;10;1
SCALE=30;5;5
DEC=1;2;0
"DEF=""Zeit"" t / s";"Spannung"" U_B1 / V	""Rate"" R_A1 / 1/s";
0,1;4,625;270
0,4;4,625;370
0,701;4,62;230
1,001;4,61;280
1,301;4,595;370
1,6;4,62;310
1,9;4,62;250
2,201;4,61;220
2,501;4,62;330
2,8;4,6;360
3,1;4,61;280
3,401;4,625;350
3,701;4,61;230
4,001;4,6;330
4,3;4,605;290
4,601;4,62;250
4,901;4,615;280
5,201;4,605;270
5,5;4,605;250
5,8;4,62;220
6,1;4,615;290
6,401;4,615;250
6,701;4,615;310
7;4,59;230
7,3;4,63;320
7,6;4,615;270
7,901;4,62;310
8,2;4,62;380
8,5;4,615;280
8,8;4,595;260
9,101;4,62;240
9,401;4,615;250
9,7;4,615;250
10;4,615;300
10,3;4,62;240
10,601;4,625;310
10,9;4,615;390
11,2;4,615;350
11,5;4,62;320
11,8;4,62;290
12,101;4,615;230
12,4;4,59;200
12,7;4,615;320
13;4,61;340
13,301;4,615;310
13,601;4,585;220
13,9;4,615;270
14,2;4,605;290
14,5;4,615;380
14,801;4,615;300
15,1;4,59;320
15,4;4,605;270
15,7;4,595;270
16;4,605;330
16,301;4,625;200
16,6;4,59;250
16,9;4,59;190
17,2;4,625;320
17,5;4,615;250
17,8;4,615;260
18,1;4,61;260
18,4;4,585;320
18,7;4,625;290
19,001;4,61;310
19,3;4,62;240
19,6;4,62;310
19,9;4,62;260
20,2;4,615;300
20,5;4,61;300
20,8;4,59;310
21,1;4,6;220
21,4;4,62;280
21,7;4,625;260
22;4,62;330
22,3;4,625;250
22,6;4,62;180
22,901;4,605;260
23,2;4,62;200
23,5;4,625;280
23,8;4,595;270
24,1;4,615;210
24,4;4,61;220
24,7;4,62;260
25;4,62;200
25,3;4,625;230
25,6;4,62;220
25,9;4,62;280
26,2;4,625;250
26,5;4,63;280
26,8;4,62;380
27,101;4,625;310
27,4;4,61;230
27,7;4,605;200
28,001;4,61;190
28,301;4,625;300
28,601;4,61;240
28,901;4,62;290
29,201;4,625;240
29,501;4,62;270
29,801;4,59;180
MIN=0;-10;0
MAX=30;10;1
SCALE=30;5;5
DEC=1;2;0
"DEF=""Zeit"" t / s";"Spannung"" U_B1 / V	""Rate"" R_A1 / 1/s";
0,2;4,925;170
0,5;4,905;320
0,801;4,925;180
1,101;4,92;280
1,401;4,92;270
1,7;4,925;310
2,001;4,895;210
2,3;4,92;320
2,601;4,93;300
2,9;4,92;350
3,2;4,91;270
3,5;4,915;310
3,801;4,925;290
4,101;4,92;260
4,4;4,89;330
4,7;4,925;270
5,001;4,915;300
5,301;4,88;300
5,6;4,93;300
5,9;4,925;290
6,2;4,9;280
6,501;4,915;230
6,801;4,925;300
7,1;4,91;220
7,4;4,875;240
7,7;4,92;260
8,001;4,915;240
8,3;4,915;290
8,501;4,905;310
8,8;4,9;410
9,1;4,925;250
9,4;4,91;340
9,701;4,915;240
10,001;4,92;310
10,3;4,915;390
10,6;4,9;250
10,9;4,92;340
11,1;4,915;400
11,4;4,92;280
11,701;4,92;230
12;4,925;200
12,3;4,915;250
12,6;4,915;340
12,901;4,91;190
13,201;4,915;290
13,4;4,91;250
13,6;4,915;230
13,9;4,895;240
14,1;4,92;390
14,4;4,92;290
14,6;4,905;280
14,901;4,905;220
15,1;4,91;280
15,3;4,875;270
15,6;4,905;350
15,8;4,92;300
16,1;4,92;250
16,3;4,91;260
16,6;4,93;240
16,8;4,87;280
17,1;4,975;260
17,3;4,925;290
17,6;4,905;300
17,8;4,91;320
18,1;4,91;340
18,3;4,91;320
18,601;4,915;350
18,8;4,915;290
19,1;4,92;220
19,3;4,92;270
19,601;4,92;400
19,8;4,905;320
20,101;4,9;290
20,3;4,905;320
20,5;4,91;260
20,8;4,915;300
21;4,925;200
21,3;4,915;260
21,5;4,915;260
21,8;4,905;200
22;4,92;280
22,301;4,88;280
22,5;4,91;300
22,8;4,9;190
23;4,905;260
23,3;4,88;250
23,5;4,925;200
23,8;4,915;310
24,001;4,89;270
24,3;4,895;250
24,6;4,93;280
24,9;4,925;320
25,2;4,915;240
25,5;4,92;330
25,8;4,895;270
26,1;4,91;330
26,4;4,91;340
26,7;4,92;450
27;4,91;270
27,301;4,89;340
27,6;4,915;190
27,901;4,9;250
28,201;4,895;190
28,5;4,92;250
28,801;4,915;260
29,101;4,92;310
29,401;4,89;390
29,701;4,905;320
MIN=0;-10;0
MAX=30;10;1
SCALE=30;5;5
DEC=1;2;0
"DEF=""Zeit"" t / s";"Spannung"" U_B1 / V	""Rate"" R_A1 / 1/s";
0,201;5,08;260
0,5;5,075;240
0,801;5,035;270
1,101;5,085;280
1,401;5,08;240
1,7;5,09;270
2;5,08;250
2,3;5,05;290
2,601;5,065;370
2,901;5,07;350
3,2;5,085;320
3,5;5,085;310
3,801;5,05;300
4,101;5,065;270
4,4;5,075;320
4,7;5,04;230
5;5,08;240
5,301;5,04;230
5,601;5,07;200
5,9;5,075;270
6,2;5,085;330
6,501;5,085;280
6,801;5,065;260
7,1;5,075;320
7,4;5,05;260
7,7;5,025;290
8,001;5,09;190
8,301;5,07;280
8,6;5,085;330
8,9;5,075;300
9,2;5,075;330
9,501;5,07;280
9,801;5,055;240
10,1;5,07;240
10,4;5,05;240
10,701;5,075;300
11;5,04;260
11,3;5,085;310
11,6;5,07;290
11,9;5,08;300
12,201;5,08;280
12,501;5,065;220
12,8;5,075;300
13,1;5,07;320
13,4;5,07;260
13,701;5,08;260
14;5,075;320
14,3;5,045;340
14,601;5,04;250
14,9;5,08;220
15,201;5,065;310
15,5;5,07;240
15,8;5,08;240
16,1;5,06;330
16,4;5,085;340
16,7;5,08;320
17;5,075;240
17,3;5,09;380
17,6;5,075;200
17,901;5,065;370
18,2;5,085;390
18,5;5,09;210
18,8;5,085;320
19,1;5,08;250
19,4;5,09;290
19,7;5,08;420
20;5,09;290
20,301;5,05;290
20,6;5,075;250
20,8;5,07;260
21,1;5,085;240
21,4;5,085;280
21,7;5,09;310
22;5,095;260
22,3;5,08;240
22,6;5,09;270
22,9;5,085;300
23,2;5,09;200
23,5;5,075;230
23,8;5,085;280
24,1;5,08;350
24,4;5,09;290
24,6;5,095;270
24,9;5,08;340
25,099;5,08;320
25,4;5,075;270
25,7;5,085;400
26;5,095;250
26,299;5,095;290
26,5;5,035;240
26,8;5,095;300
27,1;5,085;300
27,299;5,08;250
27,501;5,095;200
27,801;5,07;200
28,101;5,08;160
28,401;5,095;220
28,701;5,08;260
29;5,09;180
29,301;5,08;270
29,601;5,045;250
29,901;5,075;250
MIN=0;-10;0
MAX=30;10;1
SCALE=30;5;5
DEC=1;2;0
"DEF=""Zeit"" t / s";"Spannung"" U_B1 / V	""Rate"" R_A1 / 1/s";
0,201;5,2;200
0,5;5,205;300
0,8;5,19;290
1,101;5,195;370
1,401;5,195;250
1,702;5,205;300
2;5,185;350
2,3;5,185;240
2,601;5,19;300
2,901;5,195;240
3,2;5,195;340
3,501;5,215;320
3,8;5,15;370
4,101;5,195;270
4,401;5,21;310
4,7;5,205;270
5;5,175;270
5,3;5,185;240
5,601;5,205;290
5,9;5,185;290
6,2;5,2;270
6,5;5,195;330
6,801;5,17;310
7,101;5,195;300
7,4;5,17;270
7,7;5,19;330
8;5,2;300
8,301;5,2;230
8,601;5,205;170
8,9;5,205;370
9,2;5,205;270
9,5;5,195;240
9,801;5,195;220
10,1;5,19;230
10,4;5,19;220
10,7;5,195;250
11,001;5,2;280
11,301;5,2;380
11,6;5,2;280
11,9;5,2;200
12,2;5,19;300
12,501;5,185;220
12,8;5,17;320
13,1;5,185;290
13,4;5,2;210
13,7;5,195;260
14,001;5,205;290
14,3;5,185;330
14,6;5,205;270
14,9;5,15;370
15,2;5,175;320
15,5;5,19;310
15,8;5,205;370
16,1;5,2;290
16,4;5,18;270
16,701;5,19;250
17;5,185;260
17,3;5,175;300
17,6;5,19;290
17,9;5,2;240
18,2;5,18;270
18,5;5,2;240
18,8;5,185;300
19,1;5,2;320
19,4;5,175;290
19,7;5,195;240
20;5,165;250
20,301;5,205;240
20,6;5,195;230
20,9;5,195;240
21,2;5,19;310
21,5;5,195;310
21,8;5,2;390
22,1;5,19;300
22,4;5,2;210
22,7;5,2;240
23;5,175;350
23,3;5,2;330
23,6;5,175;320
23,9;5,165;220
24,2;5,16;350
24,5;5,18;280
24,8;5,195;190
25,099;5,18;240
25,4;5,195;390
25,7;5,2;230
26;5,2;340
26,3;5,195;370
26,6;5,2;400
26,901;5,19;260
27,201;5,19;230
27,501;5,17;180
27,8;5,195;390
28,1;5,165;230
28,401;5,165;280
28,701;5,17;210
29,001;5,195;250
29,3;5,19;280
29,601;5,21;220
29,901;5,205;300
MIN=;;
MAX=;;
SCALE=;;
DEC=;;
DEF=;;
